iteration,timestamp,condition,setutc_outcome,setutc_success_bool,case_result,correction_outcome,error_stage
1,2026-07-23T21:58:51,utctime_baseline_control,,,established,,
2,2026-07-23T21:59:26,utctime_baseline_control,,,established,,
3,2026-07-23T22:00:00,utctime_baseline_control,,,established,,
4,2026-07-23T22:00:34,utctime_baseline_control,,,established,,
5,2026-07-23T22:01:09,utctime_baseline_control,,,established,,
6,2026-07-23T22:01:43,utctime_baseline_control,,,established,,
7,2026-07-23T22:02:17,utctime_baseline_control,,,established,,
8,2026-07-23T22:02:52,utctime_baseline_control,,,established,,
9,2026-07-23T22:03:26,utctime_baseline_control,,,established,,
10,2026-07-23T22:04:01,utctime_baseline_control,,,established,,
11,2026-07-23T22:04:37,utctime_baseline_control,,,established,,
12,2026-07-23T22:05:11,utctime_baseline_control,,,established,,
13,2026-07-23T22:05:45,utctime_baseline_control,,,established,,
14,2026-07-23T22:06:19,utctime_baseline_control,,,established,,
15,2026-07-23T22:06:53,utctime_baseline_control,,,established,,
16,2026-07-23T22:07:28,utctime_baseline_control,,,established,,
17,2026-07-23T22:08:03,utctime_baseline_control,,,established,,
18,2026-07-23T22:08:37,utctime_baseline_control,,,established,,
19,2026-07-23T22:09:11,utctime_baseline_control,,,established,,
20,2026-07-23T22:09:46,utctime_baseline_control,,,established,,
21,2026-07-23T22:10:21,utctime_baseline_control,,,established,,
22,2026-07-23T22:10:55,utctime_baseline_control,,,established,,
23,2026-07-23T22:11:30,utctime_baseline_control,,,established,,
24,2026-07-23T22:12:04,utctime_baseline_control,,,established,,
25,2026-07-23T22:12:39,utctime_baseline_control,,,established,,
26,2026-07-23T22:13:14,utctime_baseline_control,,,established,,
27,2026-07-23T22:13:48,utctime_baseline_control,,,established,,
28,2026-07-23T22:14:23,utctime_baseline_control,,,established,,
29,2026-07-23T22:14:57,utctime_baseline_control,,,established,,
30,2026-07-23T22:15:32,utctime_baseline_control,,,established,,
31,2026-07-23T22:16:07,utctime_baseline_control,,,established,,
32,2026-07-23T22:16:42,utctime_baseline_control,,,established,,
33,2026-07-23T22:17:17,utctime_baseline_control,,,established,,
34,2026-07-23T22:17:51,utctime_baseline_control,,,established,,
35,2026-07-23T22:18:25,utctime_baseline_control,,,established,,
36,2026-07-23T22:19:00,utctime_baseline_control,,,established,,
37,2026-07-23T22:19:34,utctime_baseline_control,,,established,,
38,2026-07-23T22:20:09,utctime_baseline_control,,,established,,
39,2026-07-23T22:20:43,utctime_baseline_control,,,established,,
40,2026-07-23T22:21:18,utctime_baseline_control,,,established,,
41,2026-07-23T22:21:52,utctime_baseline_control,,,established,,
42,2026-07-23T22:22:27,utctime_baseline_control,,,established,,
43,2026-07-23T22:23:02,utctime_baseline_control,,,established,,
44,2026-07-23T22:23:37,utctime_baseline_control,,,established,,
45,2026-07-23T22:24:11,utctime_baseline_control,,,established,,
46,2026-07-23T22:24:45,utctime_baseline_control,,,established,,
47,2026-07-23T22:25:19,utctime_baseline_control,,,established,,
48,2026-07-23T22:25:53,utctime_baseline_control,,,established,,
49,2026-07-23T22:26:27,utctime_baseline_control,,,established,,
50,2026-07-23T22:27:02,utctime_baseline_control,,,established,,
